repo,buggy
django,0.5734875782287123
fastapi,0.39831697054698456
pandas,0.39605161670523187
pytest,0.35359063662425666
airflow,0.34470895538236107
numpy,0.3378354483752941
matplotlib,0.28540455541789767
requests,0.2434228009566835
scikit-learn,0.23417174421791656
flask,0.2294748269778803
