model,accuracy,precision,recall,f1,roc_auc
Logistic Regression (metrics only),0.5885854517096065,0.39542584321577084,0.3121264309593759,0.3488727593898973,0.5442528065895698
Random Forest (metrics only),0.548583734590646,0.3826749329644242,0.45397629419511704,0.41528737975645474,0.5424463556295797
XGBoost (metrics only),0.5143987579506185,0.3799390520650976,0.5936379292878128,0.4633351783031549,0.5466850609641871
