model,accuracy,precision,recall,f1,roc_auc
Logistic Regression (CodeBERT + metrics),0.6085,0.38333333333333336,0.19742489270386265,0.2606232294617564,0.5161903630859502
Random Forest (CodeBERT + metrics),0.6505,0.0,0.0,0.0,0.5109313953501158
XGBoost (CodeBERT + metrics),0.629,0.3742690058479532,0.09155937052932761,0.1471264367816092,0.5277771363284983
