model,accuracy,precision,recall,f1,roc_auc,report
Logistic Regression (metrics only),0.5885854517096065,0.3954258432157708,0.3121264309593759,0.3488727593898973,0.5442528065895698,
Random Forest (metrics only),0.548583734590646,0.3826749329644242,0.453976294195117,0.4152873797564547,0.5424463556295797,
XGBoost (metrics only),0.5143987579506185,0.3799390520650976,0.5936379292878128,0.4633351783031549,0.5466850609641871,
LightGBM,0.5199150026114517,0.381348452836244,0.5778137979941242,0.4594601126175113,0.5473366892577577,"              precision    recall  f1-score   support

           0       0.68      0.49      0.57     90414
           1       0.38      0.58      0.46     49355

    accuracy                           0.52    139769
   macro avg       0.53      0.53      0.51    139769
weighted avg       0.57      0.52      0.53    139769
"
CatBoost,0.4661190965092402,0.3733545871053766,0.7545537432884206,0.4995372295475579,0.5473520818182936,"              precision    recall  f1-score   support

           0       0.70      0.31      0.43     90414
           1       0.37      0.75      0.50     49355

    accuracy                           0.47    139769
   macro avg       0.54      0.53      0.46    139769
weighted avg       0.58      0.47      0.45    139769
"
MLP_NeuralNet,0.6468816404209803,0.0,0.0,0.0,0.5442728054333714,"              precision    recall  f1-score   support

           0       0.65      1.00      0.79     90414
           1       0.00      0.00      0.00     49355

    accuracy                           0.65    139769
   macro avg       0.32      0.50      0.39    139769
weighted avg       0.42      0.65      0.51    139769
"
Logistic Regression (CodeBERT + metrics),0.6085,0.3833333333333333,0.1974248927038626,0.2606232294617564,0.5161903630859502,
Random Forest (CodeBERT + metrics),0.6505,0.0,0.0,0.0,0.5109313953501158,
XGBoost (CodeBERT + metrics),0.629,0.3742690058479532,0.0915593705293276,0.1471264367816092,0.5277771363284983,
