model,accuracy,precision,recall,f1,roc_auc,report
LightGBM,0.5199150026114517,0.381348452836244,0.5778137979941242,0.4594601126175113,0.5473366892577577,"              precision    recall  f1-score   support

           0       0.68      0.49      0.57     90414
           1       0.38      0.58      0.46     49355

    accuracy                           0.52    139769
   macro avg       0.53      0.53      0.51    139769
weighted avg       0.57      0.52      0.53    139769
"
CatBoost,0.46611909650924027,0.3733545871053766,0.7545537432884206,0.49953722954755797,0.5473520818182936,"              precision    recall  f1-score   support

           0       0.70      0.31      0.43     90414
           1       0.37      0.75      0.50     49355

    accuracy                           0.47    139769
   macro avg       0.54      0.53      0.46    139769
weighted avg       0.58      0.47      0.45    139769
"
MLP_NeuralNet,0.6468816404209803,0.0,0.0,0.0,0.5442728054333714,"              precision    recall  f1-score   support

           0       0.65      1.00      0.79     90414
           1       0.00      0.00      0.00     49355

    accuracy                           0.65    139769
   macro avg       0.32      0.50      0.39    139769
weighted avg       0.42      0.65      0.51    139769
"
